indicator,type,risk,stamp_updated,stamp_seen,city,country,countrycode,org,reference
deftsecurity.com,domain,critical,"2021-11-10 02:54:57","2021-11-10 02:54:57",[privacy],[privacy],,[privacy],https://pulsedive.com/indicator/?iid=19390799
highdatabase.com,domain,critical,"2021-12-01 21:18:20","2021-12-01 21:18:20",[privacy],[privacy],,[privacy],https://pulsedive.com/indicator/?iid=19390930
websitetheme.com,domain,critical,"2021-11-25 23:10:31","2021-11-25 23:10:31",[privacy],[privacy],,[privacy],https://pulsedive.com/indicator/?iid=19390936
topservicebin.com,domain,medium,"2022-01-12 15:11:14","2022-01-12 15:11:13",[privacy],[privacy],,[privacy],https://pulsedive.com/indicator/?iid=21123479
ns2.topservicebin.com,domain,low,"2022-01-12 15:11:29","2022-01-12 15:11:29",[privacy],[privacy],,[privacy],https://pulsedive.com/indicator/?iid=21142689
ns1.topservicebin.com,domain,low,"2022-01-12 15:11:36","2022-01-12 15:11:36",[privacy],[privacy],,[privacy],https://pulsedive.com/indicator/?iid=21142703
boostetits.com,domain,high,"2021-12-30 11:12:47","2021-12-30 11:12:47",[privacy],[privacy],,[privacy],https://pulsedive.com/indicator/?iid=21315049
mail.boostetits.com,domain,medium,"2021-12-05 21:53:20","2021-12-05 21:53:20",[privacy],[privacy],,[privacy],https://pulsedive.com/indicator/?iid=21315054
ns1.boostetits.com,domain,medium,"2021-12-05 21:53:40","2021-12-05 21:53:40",[privacy],[privacy],,[privacy],https://pulsedive.com/indicator/?iid=21315055
ns2.boostetits.com,domain,medium,"2021-12-05 21:52:04","2021-12-05 21:52:04",[privacy],[privacy],,[privacy],https://pulsedive.com/indicator/?iid=21315059
jobsmarc.com,domain,medium,"2021-12-29 14:08:11","2021-12-29 14:08:11",[privacy],[privacy],,[privacy],https://pulsedive.com/indicator/?iid=21315067
firstaholic.com,domain,medium,"2021-12-30 07:27:28","2021-12-30 07:27:28",[privacy],[privacy],,[privacy],https://pulsedive.com/indicator/?iid=21468647
ns1.firstaholic.com,domain,low,"2021-12-22 04:00:10","2021-12-22 04:00:10",[privacy],[privacy],,[privacy],https://pulsedive.com/indicator/?iid=21468673
mail.firstaholic.com,domain,low,"2021-12-22 04:00:58","2021-12-22 04:00:58",[privacy],[privacy],,[privacy],https://pulsedive.com/indicator/?iid=21468678
ns2.firstaholic.com,domain,low,"2021-12-22 04:00:23","2021-12-22 04:00:23",[privacy],[privacy],,[privacy],https://pulsedive.com/indicator/?iid=21468687
p.estonine.com,domain,low,"2021-12-15 10:38:52","2021-12-15 10:38:52",[privacy],[privacy],,[privacy],https://pulsedive.com/indicator/?iid=22599804
estonine.com,domain,low,"2021-12-15 10:38:40","2021-12-15 10:38:40",[privacy],[privacy],,[privacy],https://pulsedive.com/indicator/?iid=22599806
cash-ddt.net,domain,medium,"2021-11-28 23:26:35","2021-11-28 23:26:35","REDACTED FOR PRIVACY","United States of America",US,,https://pulsedive.com/indicator/?iid=25195725
hkukud123ncs.info,domain,low,"2021-11-25 23:12:23","2021-11-25 23:12:23",[privacy],[privacy],,[privacy],https://pulsedive.com/indicator/?iid=25195743
theyardservice.com,domain,low,"2022-01-12 15:11:24","2022-01-12 15:11:24",[privacy],[privacy],,[privacy],https://pulsedive.com/indicator/?iid=25232498
worldhomeoutlet.com,domain,low,"2021-11-25 23:14:43","2021-11-25 23:14:43",[privacy],[privacy],,[privacy],https://pulsedive.com/indicator/?iid=25232504
timechk24.com,domain,medium,"2021-12-14 01:34:28","2021-12-14 01:34:28","GDPR Masked",France,FR,,https://pulsedive.com/indicator/?iid=25515620
schiltzree.pw,domain,medium,"2021-12-05 21:54:51","2021-12-05 21:54:51",,,,,https://pulsedive.com/indicator/?iid=25938745
btrn-cash.net,domain,medium,"2021-11-28 23:27:04","2021-11-28 23:27:04","REDACTED FOR PRIVACY","United States of America",US,,https://pulsedive.com/indicator/?iid=26161670
eafueudzefverrgt.to,domain,low,"2021-11-10 02:37:41","2021-11-10 02:37:41",,,,,https://pulsedive.com/indicator/?iid=29546365
seuufhehfueughet.to,domain,low,"2021-11-10 02:38:59","2021-11-10 02:38:59",,,,,https://pulsedive.com/indicator/?iid=29546367
fheuhdwdzwgzdggt.to,domain,low,"2021-11-10 02:40:35","2021-11-10 02:40:35",,,,,https://pulsedive.com/indicator/?iid=29546369
wduufbaueeubffgt.to,domain,low,"2021-11-10 02:42:17","2021-11-10 02:42:17",,,,,https://pulsedive.com/indicator/?iid=29546370
gil.hkukud123ncs.info,domain,low,"2021-11-10 02:44:04","2021-11-10 02:44:04",[privacy],[privacy],,[privacy],https://pulsedive.com/indicator/?iid=29546372
tica.theyardservice.com,domain,low,"2021-11-10 02:47:17","2021-11-10 02:47:16",[privacy],[privacy],,[privacy],https://pulsedive.com/indicator/?iid=29546374
okdoekeoehghaoet.to,domain,low,"2021-11-10 02:49:11","2021-11-10 02:49:10",,,,,https://pulsedive.com/indicator/?iid=29546375
www.deftsecurity.com,domain,low,"2021-11-10 02:55:15","2021-11-10 02:55:15",[privacy],[privacy],,[privacy],https://pulsedive.com/indicator/?iid=29546377
wp.websitetheme.com,domain,low,"2021-11-25 23:10:40","2021-11-25 23:10:40",[privacy],[privacy],,[privacy],https://pulsedive.com/indicator/?iid=29861839
ns1.websitetheme.com,domain,low,"2021-11-25 23:10:40","2021-11-25 23:10:40",[privacy],[privacy],,[privacy],https://pulsedive.com/indicator/?iid=29861840
xnhy.hkukud123ncs.info,domain,low,"2021-11-25 23:11:40","2021-11-25 23:11:40",[privacy],[privacy],,[privacy],https://pulsedive.com/indicator/?iid=29861843
ano.hkukud123ncs.info,domain,low,"2021-11-25 23:12:42","2021-11-25 23:12:42",[privacy],[privacy],,[privacy],https://pulsedive.com/indicator/?iid=29861845
wap.ipad-admin.com,domain,low,"2021-11-25 23:13:33","2021-11-25 23:13:33",,"United States of America",US,,https://pulsedive.com/indicator/?iid=29861847
yige.googlevipmail.net,domain,low,"2021-11-25 23:13:36","2021-11-25 23:13:36",,"United States of America",US,,https://pulsedive.com/indicator/?iid=29861848
ipad-admin.com,domain,unknown,"2021-11-25 23:13:18","2021-11-25 23:13:18",,"United States of America",US,,https://pulsedive.com/indicator/?iid=29861849
googlevipmail.net,domain,unknown,"2021-11-25 23:13:20","2021-11-25 23:13:20",,"United States of America",US,,https://pulsedive.com/indicator/?iid=29861850
cpanel.worldhomeoutlet.com,domain,low,"2021-11-25 23:14:36","2021-11-25 23:14:36",[privacy],[privacy],,[privacy],https://pulsedive.com/indicator/?iid=29861855
mail.worldhomeoutlet.com,domain,low,"2021-11-25 23:14:49","2021-11-25 23:14:49",[privacy],[privacy],,[privacy],https://pulsedive.com/indicator/?iid=29861856
webmail.worldhomeoutlet.com,domain,low,"2021-11-25 23:14:52","2021-11-25 23:14:51",[privacy],[privacy],,[privacy],https://pulsedive.com/indicator/?iid=29861857
webdisk.worldhomeoutlet.com,domain,low,"2021-11-25 23:14:48","2021-11-25 23:14:47",[privacy],[privacy],,[privacy],https://pulsedive.com/indicator/?iid=29861858
0dataplane.theyardservice.com,domain,low,"2021-11-25 23:14:52","2021-11-25 23:14:52",[privacy],[privacy],,[privacy],https://pulsedive.com/indicator/?iid=29861859
www.lamesadelafonda.space,domain,low,"2021-11-25 23:15:22","2021-11-25 23:15:22",,Netherlands,NL,,https://pulsedive.com/indicator/?iid=29861861
lamesadelafonda.space,domain,unknown,"2022-01-02 15:25:55","2021-11-25 23:14:56",,Netherlands,NL,,https://pulsedive.com/indicator/?iid=29861864
qsrulehenbmaarn.com,domain,low,"2021-11-25 23:18:00","2021-11-25 23:18:00",[privacy],[privacy],,[privacy],https://pulsedive.com/indicator/?iid=29861870
kepesgtprecopbd.com,domain,low,"2021-11-25 23:18:04","2021-11-25 23:18:04",[privacy],[privacy],,[privacy],https://pulsedive.com/indicator/?iid=29861871
www.kepesgtprecopbd.com,domain,low,"2021-11-25 23:18:15","2021-11-25 23:18:15",[privacy],[privacy],,[privacy],https://pulsedive.com/indicator/?iid=29861872
www.nfjweogpvkmfubt.ru,domain,low,"2021-11-25 23:18:14","2021-11-25 23:18:14",,,,,https://pulsedive.com/indicator/?iid=29861873
nfjweogpvkmfubt.ru,domain,unknown,"2022-01-02 15:25:58","2021-11-25 23:18:08",,,,,https://pulsedive.com/indicator/?iid=29861876
nwww.updateserver1.com,domain,low,"2021-11-25 23:19:56","2021-11-25 23:19:56",[privacy],[privacy],,[privacy],https://pulsedive.com/indicator/?iid=29861880
nlost.updateserver1.com,domain,low,"2021-11-25 23:19:59","2021-11-25 23:19:58",[privacy],[privacy],,[privacy],https://pulsedive.com/indicator/?iid=29861881
updateserver1.com,domain,unknown,"2021-11-25 23:19:40","2021-11-25 23:19:40",[privacy],[privacy],,[privacy],https://pulsedive.com/indicator/?iid=29861882
qthrlsxyxxmrmhi.com,domain,low,"2021-11-25 23:21:55","2021-11-25 23:21:55",[privacy],[privacy],,[privacy],https://pulsedive.com/indicator/?iid=29861888
www.adlbbfhcxtptrsy.ru,domain,low,"2021-11-25 23:21:54","2021-11-25 23:21:54",,,,,https://pulsedive.com/indicator/?iid=29861889
www.qthrlsxyxxmrmhi.com,domain,low,"2021-11-25 23:22:15","2021-11-25 23:22:15",[privacy],[privacy],,[privacy],https://pulsedive.com/indicator/?iid=29861890
www.javerltmnejxmad.ru,domain,low,"2021-11-25 23:21:54","2021-11-25 23:21:54",,,,,https://pulsedive.com/indicator/?iid=29861891
javerltmnejxmad.ru,domain,low,"2022-01-02 15:25:58","2021-11-25 23:21:55",,,,,https://pulsedive.com/indicator/?iid=29861893
www.irxtxrhfkqwjerb.com,domain,low,"2021-11-25 23:22:16","2021-11-25 23:22:16",[privacy],[privacy],,[privacy],https://pulsedive.com/indicator/?iid=29861894
adlbbfhcxtptrsy.ru,domain,unknown,"2022-01-02 15:25:59","2021-11-25 23:21:52",,,,,https://pulsedive.com/indicator/?iid=29861896
irxtxrhfkqwjerb.com,domain,low,"2021-11-25 23:22:29","2021-11-25 23:22:28",[privacy],[privacy],,[privacy],https://pulsedive.com/indicator/?iid=29861897
ww3.schiltzree.pw,domain,medium,"2021-11-28 23:26:28","2021-11-28 23:26:28",,,,,https://pulsedive.com/indicator/?iid=29929073
38705cf1.cash-ddt.net,domain,low,"2021-11-28 23:26:37","2021-11-28 23:26:36","REDACTED FOR PRIVACY","United States of America",US,,https://pulsedive.com/indicator/?iid=29929074
51d017.btrn-cash.net,domain,low,"2021-11-28 23:27:12","2021-11-28 23:27:12","REDACTED FOR PRIVACY","United States of America",US,,https://pulsedive.com/indicator/?iid=29929075
brjptdtxjqldaiw.ru,domain,low,"2022-01-02 16:59:11","2021-11-30 20:18:13",,,,,https://pulsedive.com/indicator/?iid=29978201
mx.highdatabase.com,domain,low,"2021-12-01 21:18:34","2021-12-01 21:18:34",[privacy],[privacy],,[privacy],https://pulsedive.com/indicator/?iid=30010602
www.highdatabase.com,domain,low,"2021-12-01 21:18:35","2021-12-01 21:18:35",[privacy],[privacy],,[privacy],https://pulsedive.com/indicator/?iid=30010603
www.redhatupdater.com,domain,low,"2021-12-01 21:18:54","2021-12-01 21:18:53",[privacy],[privacy],,[privacy],https://pulsedive.com/indicator/?iid=30010604
redhatupdater.com,domain,unknown,"2021-12-01 21:18:45","2021-12-01 21:18:44",[privacy],[privacy],,[privacy],https://pulsedive.com/indicator/?iid=30010607
ww.schiltzree.pw,domain,medium,"2021-12-05 21:55:07","2021-12-05 21:55:07",,,,,https://pulsedive.com/indicator/?iid=30103113
www.rtsakwc.ua-shop.biz,domain,low,"2021-12-06 20:12:24","2021-12-06 20:12:23",[privacy],[privacy],,[privacy],https://pulsedive.com/indicator/?iid=30129981
ua-shop.biz,domain,unknown,"2021-12-06 20:12:02","2021-12-06 20:12:02",[privacy],[privacy],,[privacy],https://pulsedive.com/indicator/?iid=30130003
rtsakwc.ua-shop.biz,domain,unknown,"2021-12-06 20:12:04","2021-12-06 20:12:04",[privacy],[privacy],,[privacy],https://pulsedive.com/indicator/?iid=30130008
nsl.timechk24.com,domain,low,"2021-12-14 01:34:45","2021-12-14 01:34:45","GDPR Masked",France,FR,,https://pulsedive.com/indicator/?iid=30400080
verble.rocks,domain,medium,"2022-01-09 22:57:52","2022-01-09 22:57:52",[privacy],[privacy],,[privacy],https://pulsedive.com/indicator/?iid=30418617
test.verble.rocks,domain,low,"2021-12-21 04:21:40","2021-12-21 04:21:40",[privacy],[privacy],,[privacy],https://pulsedive.com/indicator/?iid=30418620
mail.virtualdataserver.com,domain,low,"2021-12-20 01:06:56","2021-12-20 01:06:56",Bellevue,"United States of America",US,,https://pulsedive.com/indicator/?iid=30543385
virtualdataserver.com,domain,unknown,"2021-12-20 01:06:40","2021-12-20 01:06:40",Bellevue,"United States of America",US,,https://pulsedive.com/indicator/?iid=30543386
dkrd.exposedbotnets.ru,domain,low,"2021-12-29 21:26:28","2021-12-29 21:26:28",,,,,https://pulsedive.com/indicator/?iid=30768339
exposedbotnets.ru,domain,medium,"2022-01-06 01:11:43","2022-01-06 01:11:43",,,,,https://pulsedive.com/indicator/?iid=30768340
log.exposedbotnets.ru,domain,low,"2021-12-31 20:49:43","2021-12-31 20:49:43",,,,,https://pulsedive.com/indicator/?iid=30839229
www.smtp2.theyardservice.com,domain,low,"2022-01-03 22:55:38","2022-01-03 22:55:37",[privacy],[privacy],,[privacy],https://pulsedive.com/indicator/?iid=30885173
smtp2.theyardservice.com,domain,unknown,"2022-01-03 22:55:36","2022-01-03 22:55:36",[privacy],[privacy],,[privacy],https://pulsedive.com/indicator/?iid=30885174
proxy.exposedbotnets.ru,domain,low,"2022-01-06 01:11:27","2022-01-06 01:11:27",,,,,https://pulsedive.com/indicator/?iid=30930356
test.exposedbotnets.ru,domain,low,"2022-01-06 01:11:38","2022-01-06 01:11:37",,,,,https://pulsedive.com/indicator/?iid=30930361
app.exposedbotnets.ru,domain,low,"2022-01-06 01:11:38","2022-01-06 01:11:38",,,,,https://pulsedive.com/indicator/?iid=30930369
email.exposedbotnets.ru,domain,low,"2022-01-06 01:11:40","2022-01-06 01:11:39",,,,,https://pulsedive.com/indicator/?iid=30930373
staging.exposedbotnets.ru,domain,low,"2022-01-06 01:11:46","2022-01-06 01:11:46",,,,,https://pulsedive.com/indicator/?iid=30930375
nazi.uy,domain,low,"2022-01-06 22:08:49","2022-01-06 22:08:49",,,,,https://pulsedive.com/indicator/?iid=30945482
business.yolkish.com,domain,low,"2022-01-07 21:41:07","2022-01-07 21:41:06",,,,,https://pulsedive.com/indicator/?iid=30952672
yolkish.com,domain,unknown,"2022-01-07 21:40:45","2022-01-07 21:40:44",,,,,https://pulsedive.com/indicator/?iid=30952673
stream.verble.rocks,domain,low,"2022-01-09 22:58:00","2022-01-09 22:58:00",[privacy],[privacy],,[privacy],https://pulsedive.com/indicator/?iid=30997882
ndataplane.theyardservice.com,domain,low,"2022-01-12 15:11:24","2022-01-12 15:11:24",[privacy],[privacy],,[privacy],https://pulsedive.com/indicator/?iid=31055858
nstatic.theyardservice.com,domain,low,"2022-01-12 15:11:32","2022-01-12 15:11:32",[privacy],[privacy],,[privacy],https://pulsedive.com/indicator/?iid=31055859
ncdn.theyardservice.com,domain,low,"2022-01-12 15:11:36","2022-01-12 15:11:36",[privacy],[privacy],,[privacy],https://pulsedive.com/indicator/?iid=31055860
ns8.safehostonline.com,domain,low,"2022-01-14 23:12:40","2022-01-14 23:12:40",[privacy],[privacy],,[privacy],https://pulsedive.com/indicator/?iid=31112632
ns9.safehostonline.com,domain,low,"2022-01-14 23:12:40","2022-01-14 23:12:40",[privacy],[privacy],,[privacy],https://pulsedive.com/indicator/?iid=31112634
ftp.safehostonline.com,domain,low,"2022-01-14 23:12:51","2022-01-14 23:12:51",[privacy],[privacy],,[privacy],https://pulsedive.com/indicator/?iid=31112635
safehostonline.com,domain,unknown,"2022-01-14 23:12:38","2022-01-14 23:12:38",[privacy],[privacy],,[privacy],https://pulsedive.com/indicator/?iid=31112636
bwmhvtwgteqrres.com,domain,high,"2022-01-17 21:33:38","2022-01-17 21:33:38",[privacy],[privacy],,[privacy],https://pulsedive.com/indicator/?iid=31179846
bvnnpdkivyqtnmv.com,domain,high,"2022-01-17 21:34:15","2022-01-17 21:34:15",[privacy],[privacy],,[privacy],https://pulsedive.com/indicator/?iid=31179848
rbqqtdjmnbhtfxf.com,domain,high,"2022-01-17 21:34:30","2022-01-17 21:34:30",[privacy],[privacy],,[privacy],https://pulsedive.com/indicator/?iid=31179849
twcdlcpjpamdnwx.com,domain,low,"2022-01-17 21:34:49","2022-01-17 21:34:48",,,,,https://pulsedive.com/indicator/?iid=31179851
wllvnzb.biz,domain,high,"2022-01-19 00:26:13","2022-01-19 00:26:13",[privacy],[privacy],,[privacy],https://pulsedive.com/indicator/?iid=31203710
knjghuig.biz,domain,high,"2022-01-19 00:26:14","2022-01-19 00:26:13",[privacy],[privacy],,[privacy],https://pulsedive.com/indicator/?iid=31203712
zlenh.biz,domain,critical,"2022-01-19 00:26:25","2022-01-19 00:26:25","REDACTED FOR PRIVACY",Netherlands,NL,,https://pulsedive.com/indicator/?iid=31203715
0roptbgg23.com,domain,high,"2022-02-02 04:35:02","2022-02-02 04:35:02",[privacy],[privacy],,[privacy],https://pulsedive.com/indicator/?iid=31429377
qcobygnlpouybty.ru,domain,medium,"2022-01-30 21:09:27","2022-01-30 21:09:27",,,,,https://pulsedive.com/indicator/?iid=31472022
eecubxhkwjtnwot.ru,domain,medium,"2022-01-30 21:09:37","2022-01-30 21:09:36",,,,,https://pulsedive.com/indicator/?iid=31472025
p3ehu8j1ucpaon91q.0roptbgg23.com,domain,low,"2022-02-02 04:35:07","2022-02-02 04:35:07",[privacy],[privacy],,[privacy],https://pulsedive.com/indicator/?iid=31534334
mruepujajcvvgkg.ru,domain,low,"2022-02-02 04:35:09","2022-02-02 04:35:09",,,,,https://pulsedive.com/indicator/?iid=31534335
